"TOTDAM","DEMANDED","TRIDAYS","BODINJ","DECORP","DEGOVT","YEAR","CLAIMTYPE","TOTALNOPL","TOTALNODE"
0,8000,3,1,0,0,4,1,2,1
385447,15030,7,0,1,0,3,6,1,1
59943,6500,4,1,0,0,3,1,1,1
13004,200000,3,1,1,0,4,1,2,3
0,8500,7,0,0,0,2,4,1,1
39416,16430,4,0,1,0,3,6,1,3
278284,50000,15,0,1,0,4,6,2,2
137349,42385,7,0,1,0,4,6,1,1
67395,1000000,4,1,0,1,4,1,1,2
1286,90000,2,1,0,0,4,1,1,1
763030,5000000,8,1,0,1,4,6,2,3
15507,100000,5,0,1,0,4,4,2,2
169000,500000,2,1,0,0,1,1,1,2
0,435000,6,1,1,0,5,6,1,2
129021,163136,4,0,1,0,4,6,2,3
0,650000,4,1,0,0,4,1,2,1
202054,14936,5,1,0,0,4,1,1,2
0,100000,3,0,1,0,5,4,1,2
0,184669,9,0,1,0,4,6,1,1
0,55460,1,0,1,0,4,6,1,1
458787,255079,2,0,1,0,4,5,1,1
0,204430,2,1,0,1,1,6,1,3
37999,26000,3,0,0,0,4,6,2,2
106264,135382,3,0,0,0,4,4,2,1
0,38090,2,0,1,0,5,6,1,3
12428,27428,6,0,0,0,5,6,1,2
20089,620000,2,0,0,0,4,6,2,2
0,325000,2,0,0,0,3,4,1,2
0,70000,1,0,0,0,4,6,1,1
189,70000,1,0,1,0,5,6,1,1
22611,15258,1,0,1,0,5,6,1,1
0,6551,1,0,1,0,3,6,1,1
15378,15000,1,0,0,0,4,6,1,1
64563,150000,3,0,1,0,1,6,1,1
248280,171627,1,0,1,0,5,6,1,1
97785,83782,1,0,1,0,5,6,1,3
22000,27000,1,1,0,0,5,6,2,1
97000,10000,2,0,1,0,5,4,1,2
188091,110595,2,0,1,0,4,6,1,2
41259,77155,2,0,0,0,4,6,1,2
8721,9605,3,1,0,0,5,1,3,2
34350,67000,3,0,0,0,4,4,1,1
0,5000000,3,1,1,0,4,6,1,3
2472163,2262371,3,0,0,0,4,4,1,3
75000,300000,3,0,0,0,3,4,2,3
76720,62221,1,0,1,0,5,6,1,3
12456,8647,1,0,0,0,4,6,1,2
70166,56831,1,0,1,0,5,4,1,3
146126,28460,1,0,1,0,1,5,1,3
4408,6636,1,0,1,0,4,6,1,3
0,400000,1,0,1,0,5,4,2,2
17879,13776,1,0,0,0,5,4,2,2
14788,64818,1,0,0,0,5,6,1,2
19448,66600,1,0,1,0,5,4,1,3
0,97058,1,0,0,0,5,4,2,2
9226,4727,1,0,1,0,4,6,1,3
51299,39607,1,0,0,0,4,6,1,2
0,36000,4,0,0,0,5,4,1,1
0,150000,1,0,0,0,5,6,1,1
0,47330,5,0,0,0,2,6,1,1
0,28902,2,0,1,0,5,6,1,1
146457,119552,2,0,1,0,3,6,1,2
55156,55922,1,0,1,0,5,6,1,3
7900,20633,1,0,1,0,4,6,1,3
283093,215881,1,0,1,0,5,6,1,1
297028,400000,1,0,1,0,5,6,1,2
0,28521,1,0,0,0,4,6,1,2
27568,35000,5,0,1,0,5,6,1,3
19209,17000,1,0,1,0,4,6,1,2
37236,180000,3,0,1,0,3,6,1,1
323000,129000,1,0,1,0,5,5,1,2
0,4706,7,0,0,0,1,6,1,1
87209,52471,1,0,0,0,5,6,1,1
74490,56544,1,0,1,0,6,5,1,2
111582,75000,1,0,0,0,5,4,1,1
44914,550000,1,0,0,0,5,4,1,1
0,27000,3,0,1,0,5,5,1,1
1447549,1750000,12,0,1,0,4,6,1,3
164550,100997,13,0,0,0,5,6,2,2
0,691499,28,0,1,0,2,6,2,3
0,42000,1,0,0,0,5,4,1,1
2110487,1935858,1,0,1,0,6,6,1,3
196368,176173,6,0,0,0,4,4,3,1
4000,5850,2,0,0,0,4,6,2,2
0,210670,1,0,0,0,5,6,1,1
6706,174950,2,0,1,0,5,4,1,2
0,2000000,2,0,1,0,4,4,2,1
80757,23063,1,0,0,0,4,4,2,1
292608,400000,8,0,1,0,5,6,1,1
186327,12760,9,0,0,0,5,6,3,3
143847,143847,16,0,1,0,5,6,2,3
215286,215000,5,0,1,0,5,6,1,2
4928,25000,9,1,0,0,5,1,1,1
285310,350000,13,0,0,0,5,4,1,2
4143250,3992758,12,0,1,0,5,6,1,1
36015,60000,5,0,1,0,5,4,2,2
522697,580012,7,0,1,0,5,6,1,3
52500,52500,7,0,0,0,5,6,1,2
3970000,1000000,15,1,1,0,5,6,1,3
153905,150000,8,0,0,0,5,4,1,2
4213171,14550000,13,1,1,0,5,6,2,1
30129,18440,6,0,1,0,5,4,2,1
0,269000,12,0,0,1,1,4,1,1
597292,267570,9,0,1,0,4,6,3,3
0,340000,10,0,1,0,4,6,1,3
330000,239548,15,0,1,0,4,3,3,3
710000,3000000,7,0,1,0,5,6,1,2
0,550000,3,0,1,0,4,5,1,2
216000,130000,12,0,0,1,4,6,1,2
473305,383913,8,0,1,0,4,6,1,2
229070,300000,8,0,1,0,4,6,2,1
84057,138000,17,0,1,0,4,6,1,1
0,70000,4,0,0,0,4,6,1,1
66000,1272000,7,0,1,0,5,4,1,1
34513,28712,1,0,1,0,5,6,1,2
2278304,2000000,6,0,1,0,5,6,1,3
131139,100000,6,0,0,0,5,6,1,1
70945,58816,2,0,1,0,5,6,1,1
0,8000000,11,0,0,0,5,6,1,3
0,34203,3,0,1,0,5,6,1,1
33481,30328,1,0,0,0,5,6,1,1
0,36183,2,0,1,0,5,6,1,1
387394,1344000,2,0,1,0,5,6,2,1
83038,68057,1,0,0,1,5,6,1,1
0,143000,2,0,0,0,5,6,1,2
1404,19500,2,0,0,0,5,6,1,1
0,153512,3,0,1,0,5,6,1,2
0,130000,1,0,0,0,5,6,1,1
36545,30179,1,0,1,0,5,6,1,1
480183,412830,2,0,0,0,5,6,3,1
0,27120,1,0,0,1,5,6,1,1
36629,30464,1,0,1,0,5,6,1,2
96689,65000,1,0,0,0,5,6,1,1
10350,35000,2,0,1,0,5,6,1,2
16078,50000,1,0,0,0,5,6,1,1
200455,401500,1,0,1,0,5,4,1,3
95476,64546,1,0,0,0,5,6,1,1
22600,25104,1,0,0,0,5,3,2,1
0,342500,4,0,1,0,5,6,1,3
10757,250000,2,0,1,0,5,6,2,1
0,1060000,3,0,1,0,5,6,1,3
20035,55000,2,0,1,0,5,6,1,2
113829,113383,1,0,1,0,5,6,2,2
63073,54733,8,0,1,0,5,6,1,3
50188,84472,3,0,1,0,3,3,1,3
0,1000000,2,0,1,0,3,4,1,3
132822,92500,2,0,1,0,5,4,3,3
0,10000000,3,0,0,0,5,6,1,2
41350,11100,1,0,1,0,6,5,1,3
104000,52000,1,0,0,0,6,4,2,2
65541,55368,2,0,0,0,5,6,1,1
43205,32850,1,0,1,0,5,6,1,3
0,85000,4,0,0,0,5,6,1,1
45513,39455,2,0,1,0,5,6,1,2
23269,5000000,1,0,0,0,5,6,3,1
0,25000,1,0,1,0,4,5,1,3
5087,95686,6,0,0,0,5,6,1,2
0,175000,2,0,1,0,5,6,1,3
51059,51517,1,0,0,1,5,6,1,1
84649,84428,1,0,1,0,5,6,1,2
79013,79013,1,0,0,0,5,5,1,1
11561,30282,2,0,0,0,5,6,1,1
32224,21609,2,0,0,0,5,6,1,2
76523,75120,2,0,1,0,6,6,1,1
0,24966,1,0,1,0,6,5,1,1
34870,29801,1,0,1,0,6,6,1,1
42734,26750,1,0,0,0,6,5,1,1
0,25760,2,0,0,0,6,5,1,1
0,27686,2,0,1,0,5,6,1,1
48758,58000,4,0,1,0,5,6,1,1
0,53118,2,0,0,1,5,6,1,2
0,200000,2,0,0,0,5,5,2,2
0,531230,2,0,0,0,4,6,1,1
34437,28112,1,0,0,0,5,6,1,1
3773,75570,1,0,1,0,5,6,1,2
72610,72610,1,0,1,0,5,6,1,2
0,7000,1,0,0,0,5,6,1,1
103641,41107,2,0,1,0,5,6,1,3
247,25000,3,0,0,0,5,6,3,2
84432,75516,1,0,1,0,5,5,1,2
1099454,930000,9,0,1,0,4,4,1,1
17125,145518,6,0,1,0,4,5,1,2
93654,74061,3,0,1,0,4,6,1,2
0,900000,4,0,0,0,4,6,2,2
45078,20000,3,0,1,0,4,6,2,3
0,25000,1,0,0,0,4,4,1,1
295588,247000,3,0,1,0,4,6,1,3
450000,500000,1,0,1,0,4,4,1,2
208980,5175000,7,0,1,0,4,4,2,3
0,30151,5,1,1,0,4,6,2,2
210000,141223,5,0,1,0,4,4,1,3
21432000,7800000,23,0,1,0,4,3,3,2
786293,1200000,16,0,1,0,4,6,2,3
0,522976,14,0,0,0,5,6,1,2
15118,25000,4,1,0,0,4,1,1,1
2292,25000,5,1,0,0,4,6,1,3
0,150000,2,1,0,0,4,1,3,1
146273,25000,8,0,0,0,4,5,1,2
9024,300000,12,0,1,0,4,6,1,3
0,305931,7,1,1,0,3,6,1,2
0,500000,10,0,1,0,2,6,3,1
167478,450000,7,1,1,0,2,3,1,3
125940,250000,6,1,1,0,3,1,2,2
1008371,1000000,4,0,1,0,4,6,1,1
0,250000,4,0,1,0,4,4,1,3
0,650000,4,1,1,0,4,2,2,1
38610182,9725000,39,0,1,0,4,6,1,3
0,214341,5,0,1,0,4,6,1,1
0,37128,5,0,1,0,5,6,1,1
348810,25000,8,1,0,1,5,2,1,1
0,400000,7,1,1,0,6,6,1,3
15455,26599,2,0,0,0,6,6,2,2
189840,240912,5,0,1,0,5,5,1,2
8872587,4000000,35,1,1,0,3,6,1,1
0,578000,5,1,0,0,3,3,1,2
118148,40000,4,1,0,0,4,1,1,1
65000,100000,4,0,1,0,4,6,1,3
411675,1011400,11,0,1,0,4,4,1,2
0,2000000,2,0,1,0,4,6,1,1
37400,15800,4,0,0,0,5,6,1,1
0,28707,1,0,1,0,5,6,1,1
88944,55516,2,0,0,0,5,6,1,1
165033,75000,8,0,0,0,5,4,1,2
160000,160000,2,0,1,0,5,4,1,2
0,105000,4,0,1,0,5,6,1,3
86301,121500,2,0,0,0,5,6,1,1
63059,55681,1,0,1,0,6,6,1,1
0,131150,5,0,1,0,5,5,1,3
0,6000000,7,0,1,0,5,4,1,1
186886,200000,1,0,0,0,5,4,2,1
454208,395649,1,0,1,0,5,6,1,3
0,1000000,1,0,0,0,5,6,1,1
14300,47895,1,0,0,0,5,5,1,1
43820,28800,2,0,0,0,5,6,1,2
56560,100000,2,0,0,0,5,6,1,1
1714,75000,1,0,1,0,4,6,1,3
61593,56581,1,0,0,0,4,6,1,1
227461,195101,1,0,1,0,4,6,1,1
485980,950000,1,0,1,0,4,6,1,3
0,300000,5,0,0,0,4,6,2,1
69254,543188,2,0,0,0,5,3,2,1
0,1435403,1,0,1,0,5,3,1,3
0,26898,1,0,1,0,5,6,1,1
55692,50000,1,0,0,0,5,6,1,1
0,250000,2,0,0,0,5,6,1,3
63403,29338,3,0,1,0,5,6,1,1
42404,30093,1,0,1,0,5,6,1,1
0,131403,4,0,0,0,5,6,2,3
63122,63122,1,0,1,0,5,6,1,1
56410,49056,1,0,1,0,5,5,1,2
26964,215000,3,0,0,0,5,3,1,1
16691,42569,3,0,1,0,4,6,1,3
0,130000,2,0,0,0,5,6,1,1
35590,38091,2,0,1,0,5,6,1,3
69500,111700,1,0,0,0,5,6,1,1
86577,98437,4,0,1,0,5,6,1,1
221832,374344,3,0,0,0,5,3,1,1
0,1000000,2,0,1,0,3,6,1,1
95695,58102,2,0,0,0,3,6,3,2
0,260000,2,0,1,0,5,6,1,1
109041,250000,2,0,1,0,5,6,1,2
1030,4200,1,0,1,0,5,6,1,1
94749,94000,1,0,1,0,5,3,1,3
55090,45116,1,0,1,0,5,6,1,2
0,23898,1,0,1,0,5,6,1,2
44968563,62000000,1,0,1,0,3,4,3,2
0,250000,5,1,0,0,2,3,1,1
86234,150000,6,0,1,0,3,5,1,1
0,200000,2,0,0,0,2,5,1,1
36616,500000,1,0,1,0,3,4,2,2
69254,150000,1,0,0,0,3,6,3,1
5482,50000,1,0,1,0,5,6,1,1
26314,26084,1,0,1,0,5,6,1,2
36870,33364,1,0,1,0,5,6,1,1
0,1802000,3,0,0,1,5,6,1,3
20015,15000,2,0,1,0,5,5,1,1
474323,304400,4,0,1,0,1,6,1,1
140514,25001,4,0,1,0,4,6,2,2
0,39788,2,0,0,0,4,6,1,1
0,25000,3,0,1,0,4,6,1,2
246455,209464,2,0,1,0,4,6,1,3
22250,37321,2,0,1,0,4,6,1,3
921895,600000,8,0,1,0,4,6,1,3
0,367800,4,0,1,0,4,4,2,2
280194,350000,3,0,1,1,4,6,1,3
141512,121110,1,0,0,0,4,6,1,1
49734,43714,3,0,1,0,4,6,1,2
18409,42820,3,0,0,0,5,6,3,1
29001,13200,1,0,0,0,5,6,1,1
501,135000,1,0,0,0,5,3,1,1
8561,184160,1,0,1,0,5,6,1,3
2000,150000,5,0,1,0,5,4,1,3
41209,40000,1,0,1,0,5,6,3,2
31775,36292,2,0,0,0,5,6,1,1
303126,411973,3,0,1,0,5,6,2,2
40514,36000,2,0,1,0,5,6,1,2
66307,66113,1,0,0,0,5,6,1,2
328562,273595,1,0,1,0,5,6,1,3
0,140000,1,0,1,0,5,4,2,1
25364,45661,1,0,0,0,5,6,1,1
0,213850,1,0,0,1,4,6,1,2
0,100000,2,0,1,0,4,5,1,2
24467,100000,1,1,1,0,4,6,1,1
0,50000,2,0,0,0,4,4,1,1
419503,400000,3,0,1,0,5,6,1,1
239883,240000,2,0,0,0,4,6,1,1
0,55000,1,0,0,0,4,6,1,1
0,136736,5,0,1,0,4,6,1,1
3500,2200000,7,0,1,0,4,4,1,2
275300,750000,7,1,1,0,4,2,1,3
0,750000,8,1,0,0,1,3,1,1
0,50000,1,1,1,0,4,1,2,2
19445,25729,2,0,1,0,5,6,1,3
3817,31235,1,0,0,0,5,6,1,2
16766,19408,2,0,1,0,5,6,3,1
16400,25300,2,0,0,0,5,6,2,1
244387,225000,1,0,0,0,5,6,1,1
29921,29921,1,0,0,0,5,6,1,2
60260,52400,1,0,1,0,5,6,1,1
84798,84138,1,0,1,0,3,6,1,1
0,25000,2,0,0,0,3,6,2,1
3945,350000,3,0,0,0,1,5,2,2
0,300000,1,0,0,0,4,5,1,1
0,25000000,6,0,0,0,5,4,1,3
0,24999,4,1,1,0,3,1,1,2
0,25000,6,1,1,0,3,1,1,2
8600,120000,4,0,1,0,3,6,1,3
0,67000,7,1,1,0,3,1,1,3
48654,100001,2,1,1,0,3,1,1,2
38493,66771,2,0,0,0,5,6,1,1
20375,25252,1,0,1,0,5,4,1,1
108777,97228,1,0,0,0,5,6,1,1
81491,88981,2,0,1,0,4,6,1,2
0,135000,1,0,1,0,4,6,1,1
0,3424360,7,0,1,0,5,6,1,3
0,7000000,7,0,0,0,5,6,1,1
101984,91274,1,0,1,0,4,6,1,3
293580,400000,1,0,0,0,5,4,2,1
43693,19158,1,0,0,0,5,4,1,1
0,60351,1,0,1,0,5,6,1,2
0,75000,1,0,1,0,5,4,1,2
81996,59124,1,0,0,0,6,5,1,1
54011,53545,1,0,0,0,6,6,1,1
3000,350000,2,0,0,0,3,6,1,2
106454,132250,8,0,1,0,1,6,1,1
0,125000,3,1,1,0,4,2,1,1
27986,162000,4,0,1,0,5,6,1,3
972047,950000,6,0,0,1,4,6,3,1
767149,650000,5,0,1,0,4,6,1,1
31994,38886,1,0,0,0,4,6,1,1
27749,54978,4,0,1,0,5,4,1,1
85322,51539,1,0,1,0,5,6,1,2
0,74438,1,0,1,0,5,6,1,1
0,124563,2,0,1,0,5,6,1,3
69787,37073,2,0,1,0,5,6,1,2
0,50000,1,0,0,0,5,6,1,1
21226,75000,2,1,0,0,4,1,1,1
0,22500,2,1,0,0,5,1,1,1
0,100000,6,1,0,0,3,1,1,1
0,25000,4,1,0,1,3,2,1,1
0,350000,13,1,0,0,3,3,1,2
0,20000,7,1,0,0,3,1,1,1
0,15000,7,1,1,0,3,2,1,1
37851,40000,5,1,0,0,4,1,1,1
3000,20000,4,1,0,0,2,1,1,1
14082,25000,6,1,0,0,4,1,1,2
16599,20000,4,1,0,0,5,1,1,1
211794,425000,13,1,1,0,4,2,2,1
60000,250000,7,1,1,0,3,1,1,2
262600,50000,7,1,1,0,2,1,1,2
104274,20000,5,1,1,0,3,1,1,3
30000,50000,8,1,1,0,4,6,2,3
0,15000,5,1,1,0,4,2,1,1
0,20000,5,1,0,0,4,1,1,2
12097,12000,7,1,0,0,4,1,1,1
0,35000,7,1,1,1,4,2,2,2
54128,56000,5,0,1,0,4,6,2,1
12500,7500,4,1,0,0,4,1,1,2
12500,20000,5,1,0,0,4,1,1,1
0,140000,7,1,0,0,4,2,1,2
25743,30000,4,0,1,0,4,6,1,1
0,75000,7,1,1,0,4,2,1,1
0,130000,6,1,1,0,4,2,1,1
103935,289000,13,1,0,0,4,2,1,1
0,66000,11,1,1,0,4,2,1,2
29863,9900,5,1,1,0,4,1,1,1
1438,10800,3,1,0,0,3,1,2,1
0,500000,9,1,0,1,3,6,1,2
0,150000,6,1,1,0,4,1,1,2
0,12041,3,1,0,0,4,6,2,1
17815,20000,2,0,1,0,5,6,1,1
12000,15000,4,1,0,0,4,1,1,2
0,45000,4,1,1,0,3,2,1,1
26684,20000,6,1,0,0,4,1,1,2
17673,10000,5,1,0,0,3,1,1,1
14205,140000,6,1,0,0,3,1,2,1
0,175000,12,1,1,0,3,2,1,1
7725,25000,7,1,0,0,5,1,1,1
9191,22500,4,1,0,0,3,1,1,2
0,400000,6,0,1,0,3,6,2,2
0,7000,3,1,0,0,3,1,1,1
9260,9000,5,1,0,0,3,1,2,3
0,950000,30,1,0,1,1,6,2,3
2000000,600000,40,1,0,1,3,6,1,3
127000,125000,20,0,0,1,1,6,1,2
82986,20000,6,1,0,0,4,1,1,2
18074,25000,7,1,0,0,4,1,1,1
27000,100000,4,0,1,0,3,6,1,1
27619,40000,5,1,0,0,4,1,1,1
15436,100000,8,1,1,0,4,1,1,2
0,10000,5,1,0,0,4,1,1,2
20000,75000,10,1,0,1,4,1,1,2
383254,300000,8,1,0,0,4,2,1,2
8000,6000,4,1,0,0,4,1,1,1
0,7500000,39,1,0,0,2,3,3,3
92257,150000,6,1,0,0,5,1,1,1
1325,15000,4,1,0,0,5,1,1,1
32000,12000,8,1,0,0,4,1,1,2
0,50000,2,1,0,0,4,1,1,3
1787000,2250000,17,1,0,0,2,3,1,2
0,204000,2,0,1,0,5,6,1,1
0,150000,1,0,1,0,3,3,1,2
15739,29078,2,0,1,0,5,6,1,1
4388,80000,3,0,0,0,2,6,1,1
15583,47539,7,0,1,0,4,5,1,1
13701,37711,2,0,0,0,3,6,1,1
0,300000,7,0,1,0,3,3,1,1
2635289,10000000,1,1,0,0,3,1,1,1
0,10873,1,0,1,0,3,6,1,1
11431,25873,1,0,0,0,3,6,3,2
21808,25000,1,0,0,0,5,6,1,2
0,15000,3,1,0,0,4,1,2,2
54787,15000,3,1,1,0,5,1,1,2
251143,15000,1,0,1,0,4,6,1,2
40000,15000,3,1,0,0,2,1,1,1
0,15000,2,1,0,0,3,1,1,1
0,15000,1,1,1,0,2,1,1,2
1000,33436,1,0,0,0,2,6,1,2
6400,3500,1,0,0,0,4,6,1,1
24422,18754,1,0,1,0,5,6,1,2
0,32743,1,0,0,0,5,6,1,1
26150,24722,1,0,1,0,5,6,1,1
19048,15153,1,0,0,0,5,6,1,1
48617,33707,3,0,0,0,5,6,1,1
21746,15127,1,0,1,0,5,6,1,2
27907,25146,1,0,0,0,5,6,1,1
105,30000,1,1,1,0,5,1,1,1
80000,150000,2,0,0,0,5,3,1,1
500,2000000,2,1,1,0,2,6,1,3
0,250000,2,0,1,0,4,6,2,2
49000,222115,3,0,0,0,2,6,1,1
0,16580,2,0,1,0,4,6,1,1
0,30000,1,1,0,0,2,1,1,1
6075,25000,1,1,0,0,4,1,1,1
2063,15000,1,1,0,0,5,1,1,1
5060,15000,1,1,1,0,6,6,1,2
1286,2572,1,1,0,0,3,1,1,1
3032,5980,1,0,0,0,3,6,1,1
575199,2500000,4,0,0,0,1,6,1,1
5131,3500,1,0,0,0,6,6,3,2
98200,160000,1,0,0,0,5,4,1,1
7904,7937,1,0,1,0,5,6,1,2
11127,79000,1,0,0,0,2,6,1,1
0,16261,1,0,0,0,3,6,2,1
24085,19564,1,0,1,0,4,6,1,1
16075,16359,1,0,1,0,4,6,1,1
3582,3282,1,0,0,0,3,6,1,1
0,15008,4,0,0,0,4,5,1,2
30000,30000,1,0,1,0,5,6,1,1
63815,47211,1,0,0,0,4,6,1,1
783802,840000,1,0,0,0,4,4,2,1
0,130000,2,0,1,0,3,4,1,3
40402,19500,2,0,1,0,4,6,1,2
19989,17559,1,0,0,0,5,6,1,2
306975,64318,4,0,0,0,4,5,2,2
1150000,1150000,6,1,1,1,2,2,2,3
452266,190000,2,0,0,0,4,4,1,2
0,5378,1,0,0,0,4,6,1,1
0,3880000,18,0,1,0,2,6,1,2
0,8000,3,0,0,0,2,4,1,1
35000,116000,5,0,1,0,3,6,1,1
21706,30001,5,0,0,0,5,6,1,1
46244,46744,1,0,1,0,4,6,1,2
9833,53750,7,0,1,0,2,6,2,1
0,30000,1,1,0,1,5,2,1,1
136672,128191,1,0,1,0,2,6,3,2
0,30000,1,0,1,0,3,6,1,1
0,50001,1,1,1,0,1,2,1,1
0,30000,1,0,1,0,1,6,1,3
51486,51928,2,0,1,0,2,4,2,1
64925,50000,1,1,0,0,4,1,1,1
62250,100000,5,0,1,0,1,6,1,2
22103,83548,1,0,1,0,4,6,1,1
39038,39038,3,0,1,0,5,5,1,1
93153,79000,1,0,0,0,5,6,1,1
60197,59144,1,0,0,0,5,6,1,2
49588,69667,1,0,0,0,5,6,1,1
141191,203562,1,0,1,0,6,6,1,3
0,50000,1,0,0,0,4,6,1,1
0,100000,2,1,0,0,1,3,2,1
7000,2979,7,0,1,0,1,6,1,1
6407,6407,1,1,0,0,4,1,1,1
5500,30000,1,1,0,0,5,1,1,1
23650,27531,2,0,1,0,5,6,2,2
45177,30000,1,1,0,0,5,1,1,1
5240,30000,1,1,0,0,5,1,1,1
7768,50000,2,1,0,0,5,1,1,1
3300,15000,1,1,0,0,5,1,1,1
5588,5433,1,0,0,0,5,6,1,1
7867,8596,1,0,0,0,5,6,1,1
0,15000,1,1,0,0,5,1,1,1
6623,5627,1,1,0,0,5,1,1,1
0,30000,1,1,0,0,6,1,1,1
702000,1000000,3,1,0,0,3,6,1,3
6750,10798,1,1,0,0,5,1,1,1
9801,10052,1,0,0,0,5,6,1,1
0,6163,1,1,0,0,5,1,1,1
8420,7101,1,0,0,0,6,6,1,1
0,6232,2,0,0,0,6,6,1,1
0,6755,1,0,0,0,6,6,1,1
5763,8320,1,0,0,0,6,6,1,1
6703,6875,1,0,0,0,5,6,2,1
0,30000,1,1,0,0,5,1,1,1
3000,6844,2,0,0,0,5,6,1,1
8422,10808,1,0,0,0,5,6,1,1
7864,7346,1,0,0,0,5,6,1,1
0,12900,2,0,0,0,5,6,1,1
0,10916,1,0,0,0,5,6,1,1
31981,32634,1,0,1,0,5,6,1,1
3504864,50000,4,0,1,0,2,6,1,1
0,10500,1,0,1,0,5,6,2,3
500,3800,1,0,0,0,6,5,1,1
1342,1973,1,0,0,0,6,5,2,2
6323,2400,1,0,0,0,6,5,1,1
8957,56705,1,0,1,0,6,6,1,2
1953,1175,1,0,0,0,6,5,2,2
164850,132085,1,0,1,0,5,6,1,3
144155,111462,1,0,1,0,4,6,1,3
9289,9068,1,0,1,0,5,6,1,2
2989,8405,1,0,1,0,5,6,1,1
731,8226,1,0,1,0,5,6,1,1
4157,4600,1,0,0,0,6,6,1,2
5025,6005,1,0,0,0,5,6,1,1
10582,10000,1,0,0,0,5,6,1,2
5142,5026,1,0,1,0,5,6,1,1
0,6055,1,0,1,0,5,6,1,1
0,10500,1,0,0,0,5,5,1,1
14788,12645,1,0,0,0,5,6,1,1
508,5700,1,0,1,0,5,6,1,1
389,5478,1,0,1,0,5,6,1,1
1822,10158,2,1,0,0,2,1,1,1
0,3758,2,1,1,0,5,2,1,1
0,200000,1,1,0,0,2,1,2,1
48173,100000,2,1,0,0,3,1,1,1
0,3500,2,1,0,0,4,1,2,1
0,15000,3,1,0,0,4,3,1,1
0,7183,3,0,1,0,3,6,1,1
624,6000,1,0,1,0,5,6,1,1
0,5984,2,0,0,0,5,6,1,1
2100,31200,1,0,0,0,3,4,1,1
2319,10000,1,0,0,0,3,6,1,1
13576,13476,1,0,0,0,6,6,1,1
0,4508000,8,1,1,0,1,3,2,3
1700000,3078883,4,1,0,0,1,3,1,2
8287,76212,2,1,0,0,1,1,1,1
0,44000,3,0,1,0,1,6,1,3
0,61189,2,0,1,0,1,6,1,1
156,38342,2,1,1,0,1,1,1,2
0,875930,4,1,0,0,2,3,1,2
0,584055,4,0,1,0,2,6,1,1
0,100000,3,1,0,0,2,3,1,1
195492,608608,6,0,1,0,2,6,2,2
0,1287758,6,1,0,0,2,3,2,2
0,800000,3,1,0,0,2,3,1,2
2500,36415,2,1,0,0,2,1,1,1
0,912262,5,1,0,0,2,3,1,1
55000,2268754,4,1,0,0,2,1,2,1
12382,127679,3,1,1,0,2,1,1,1
10185,55185,2,1,0,1,2,2,1,1
0,177000,2,1,0,0,2,3,1,1
0,1250000,7,1,0,0,3,3,2,1
215241,224068,2,1,1,0,3,1,1,2
0,32398,6,0,1,0,3,6,2,3
151133,336100,2,0,1,0,3,6,1,1
0,693165,5,1,0,0,3,3,1,3
0,5000000,4,1,0,0,3,3,2,1
0,49609,2,1,0,0,3,2,1,2
102977,102500,4,0,1,0,3,6,1,1
0,52311,2,1,1,0,3,1,2,2
0,30045,3,0,0,0,3,4,1,1
0,764670,3,1,0,0,3,3,1,2
26800,80300,2,0,0,0,3,6,1,2
10870,103309,3,1,0,0,3,1,1,1
248195,2542417,3,1,1,0,3,1,2,2
0,1665655,3,1,0,0,3,3,1,1
4571,146105,3,1,0,0,3,1,1,1
0,2218050,5,1,0,0,3,3,2,2
0,56755,2,1,0,0,3,1,1,1
0,141314,2,1,1,0,3,2,1,1
0,28245,1,1,1,0,3,1,2,2
25150,119150,1,0,1,0,3,6,1,1
0,593922,4,1,0,0,3,3,1,2
0,17041,4,0,0,1,3,6,2,1
0,1045519,4,1,0,0,3,3,1,2
11640,29140,2,1,1,0,3,1,1,2
51846,77269,3,1,1,0,4,1,1,2
292438,422122,4,1,0,1,4,1,1,2
0,1179495,8,1,0,0,4,3,2,2
25345,331964,5,0,1,0,4,4,2,3
0,56952,2,1,0,0,4,1,1,1
88160,219320,3,1,1,0,4,2,1,1
0,113919,2,1,0,0,4,2,1,1
4752,10031,1,1,0,0,4,1,1,1
0,276943,4,1,0,0,4,3,2,1
0,183064,3,1,1,1,4,2,1,2
2012,44284,2,1,0,0,4,1,1,1
362080,585316,4,0,0,1,4,6,1,1
0,94010,2,1,0,0,4,1,1,1
0,183973,2,1,1,0,4,2,1,1
0,57209,2,1,0,0,4,1,1,1
7064,8959,4,0,0,0,4,6,1,2
0,96691,2,1,0,1,4,1,1,2
0,60222,2,1,1,0,4,1,1,1
0,1101389,3,1,1,0,4,6,2,2
0,82700,2,0,0,0,4,6,1,2
60453,408221,2,0,1,0,4,6,1,1
10254,415251,3,1,0,0,4,1,1,2
0,33104,1,1,1,0,4,1,2,2
8566,28361,2,1,0,0,4,1,1,1
0,772000,3,0,0,1,4,6,1,1
22509,59940,2,1,1,0,4,1,3,2
5927,111082,4,1,1,0,4,1,1,2
0,10300,2,0,1,0,4,6,1,1
40000,1498258,4,1,1,0,4,1,1,2
82780,780382,5,0,1,0,4,6,1,3
0,40000,2,1,0,0,4,1,1,1
0,98009,2,1,0,0,4,1,1,1
217488,269290,3,1,0,0,4,3,1,2
839470,2099494,10,1,0,0,4,3,1,2
0,37102,2,1,1,0,4,2,1,1
25000,50000,1,1,0,0,4,1,1,2
3240,522288,2,1,0,0,4,1,2,1
16889,62867,2,0,1,0,4,6,1,1
0,976445,3,1,1,0,4,2,1,1
31724,1297100,5,1,0,1,4,6,1,3
0,956924,5,1,1,0,4,1,2,2
0,105109,3,1,0,0,4,3,1,1
0,182074,2,1,0,1,4,2,2,1
850797,2805797,5,1,0,0,4,3,2,2
2706,12706,1,1,1,0,4,1,1,2
61556,260416,2,1,1,0,4,1,1,2
0,30000,1,1,1,0,5,1,1,2
0,110217,1,1,0,0,5,1,3,2
110168,361133,2,1,1,0,5,1,2,2
32397,86482,2,1,1,0,5,1,1,2
140000,426429,4,1,1,0,5,6,1,1
0,100000,2,1,1,0,5,6,1,1
1745,34249,2,1,0,0,5,1,2,1
0,21121,2,1,1,0,5,1,1,2
5453,611453,2,0,1,0,5,6,1,1
0,140826,3,1,1,0,5,1,2,3
2478,28887,2,1,0,0,5,1,1,1
4880,5019,2,1,0,0,5,1,1,2
0,350000,3,0,0,0,5,4,1,3
0,413512,2,1,0,0,5,1,1,1
2672,27042,2,1,0,0,5,1,1,1
0,54116,2,0,0,0,5,6,2,2
4000,27000,5,1,0,0,5,3,1,1
4321,21170,1,1,0,0,5,1,1,1
112943,150000,6,0,0,0,5,6,2,1
4000,219081,2,1,0,0,5,1,1,1
20000,91365,2,1,0,0,5,1,1,1
0,287700,2,0,1,0,5,6,1,1
0,33204,1,1,1,0,5,2,1,1
100000,125000,1,0,0,0,5,6,1,1
0,97662,3,1,1,0,5,1,1,2
0,53700,2,1,1,0,5,2,1,1
30869,200835,2,1,1,0,5,1,2,2
357628,166000,4,0,0,0,5,6,3,1
0,249199,4,1,0,0,6,1,1,1
29170,317970,5,0,1,0,6,6,3,2
32419,34395,1,0,0,0,3,6,2,1
0,71899,2,1,0,1,4,1,1,1
0,40000,2,1,0,0,4,1,2,1
4443,4443,1,0,0,0,3,6,1,1
2217,7293,1,1,0,0,5,1,3,1
8864,8864,1,0,1,0,3,6,1,1
3158,188840,1,1,1,0,6,6,1,1
0,45238,2,0,1,0,2,4,1,1
0,12943,1,0,0,0,3,5,1,1
12202,13152,1,0,0,0,3,6,1,2
2546,6007,1,0,0,0,4,6,1,2
0,5000,1,1,0,0,4,1,2,3
7994,7970,4,0,1,0,4,6,1,1
16000,16000,2,0,0,0,4,5,1,1
128261,109994,1,0,1,0,4,6,1,2
10403,22750,1,0,1,0,4,6,1,1
0,4806,1,0,0,0,4,6,1,1
0,14500,2,1,0,0,5,1,1,1
830,5000,1,0,1,0,5,6,1,2
2200,2200,2,0,0,0,5,6,1,1
8266,5930,1,0,0,0,5,6,1,2
8600,27400,1,0,1,0,5,6,1,1
0,26500,1,0,1,0,5,4,1,1
0,100000,3,1,0,1,2,6,1,2
17000,2000,3,1,0,0,4,1,1,2
72186,166533,1,0,1,0,5,6,1,1
0,2000,2,1,0,0,5,1,1,1
0,38795,1,0,1,0,5,6,1,1
0,300000,9,1,0,0,5,3,2,2
63193,26182,2,0,1,0,5,6,1,1
0,250000,2,1,1,0,4,2,1,2
900913,300000,6,0,1,0,4,6,1,1
0,24283,1,1,0,0,4,6,1,1
0,35000,2,1,0,0,4,1,1,1
0,150000,7,1,0,0,3,3,2,3
0,3700,3,1,0,0,3,2,1,1
0,175000,2,1,0,0,3,1,1,1
0,80000,2,0,1,0,3,4,1,1
60300,64637,5,0,1,0,1,6,1,3
0,2000000,7,1,0,0,2,3,3,3
15408,25080,3,1,0,0,2,2,1,1
0,50000,3,1,0,1,2,2,1,1
0,50000,5,0,0,1,1,6,2,3
0,50000,4,0,0,1,2,6,3,3
0,70000,3,0,0,0,2,6,1,1
0,70000,4,1,0,1,2,6,1,1
14948,833050,3,0,1,0,3,6,1,3
0,14000,6,1,1,0,5,2,1,1
0,7000,2,1,0,0,5,1,1,2
4896,25000,3,1,0,1,3,6,1,2
0,500000,6,0,1,0,6,6,1,1
0,165000,4,0,1,0,3,6,2,2
0,100000,1,0,0,0,2,6,1,2
0,12000,3,1,0,0,4,1,1,1
25499,6300,10,1,0,0,5,6,1,1
0,500000,8,1,0,0,1,3,1,2
525000,775000,9,0,1,0,1,6,1,1
0,2000,2,1,0,1,1,2,1,1
0,50000,3,1,1,0,2,2,2,1
0,3500,2,1,0,1,2,2,1,1
0,25000,7,1,0,0,2,3,1,2
27116,50000,9,0,0,0,2,6,1,1
68,44000,3,0,1,0,4,6,1,1
0,500000,3,1,1,0,4,2,1,1
62653,141000,3,1,0,0,5,1,1,1
47500,26000,2,1,0,0,5,1,1,1
0,24500,2,1,0,0,6,1,1,1
81260,150000,5,0,1,0,6,5,1,1
21188,25000,2,1,1,0,4,2,1,1
130000,25000,8,1,1,0,4,6,1,1
0,2000,4,1,1,0,3,1,1,2
87000,135000,6,0,1,0,3,6,1,1
0,25000,10,1,0,0,3,3,1,3
82107,25000,3,1,1,0,3,6,1,1
0,25000,2,1,0,1,3,1,1,2
7800,100000,2,1,1,0,3,6,1,2
0,25000,3,1,0,0,3,3,1,1
100000,25000,6,1,1,0,2,2,1,1
0,25000,4,1,1,0,4,6,1,1
0,25000,3,1,1,0,4,1,1,2
30057,38000,3,0,1,0,4,6,1,1
0,25000,2,1,1,0,3,2,1,1
0,25000,5,0,0,1,2,6,1,1
0,25000,3,1,0,0,3,3,1,1
0,25000,5,1,0,0,2,3,1,3
228755,50000,7,1,1,0,2,6,1,1
56233,60000,6,0,1,0,2,6,2,1
7676,25000,1,1,0,1,5,2,1,1
3920,2400,1,0,0,0,6,5,1,1
0,11000,3,1,0,0,4,2,1,1
0,39450,2,1,1,0,3,1,1,2
0,25000,2,1,1,0,3,2,1,1
0,33000,1,1,1,0,3,1,2,2
0,26000,2,1,1,0,2,2,1,1
0,300000,2,0,1,0,1,4,1,1
49403,250000,2,0,0,0,4,4,1,2
0,55660,3,1,1,0,4,6,2,1
0,11000,3,1,1,0,3,2,1,1
0,1000000,1,0,1,0,1,6,2,2
0,8096,3,1,0,0,3,2,1,1
1717,11500,3,1,0,0,1,6,1,1
150000,97085,2,1,0,0,6,1,1,1
453541,1189416,4,0,1,0,3,6,1,1
2864,24571,2,0,1,0,4,6,1,2
1260,11590,1,0,1,0,5,6,2,2
0,87825,5,0,1,0,1,6,1,1
213468,40087,6,0,1,0,3,6,1,1
0,80630,1,0,0,0,4,6,1,1
130028,48139,4,0,1,0,4,6,3,1
25308,75000,3,0,1,0,4,6,1,1
0,500000,2,1,1,0,5,1,1,1
252550,252550,4,0,1,0,5,6,1,2
131929,183106,4,0,1,0,5,6,2,2
22400,23100,4,0,0,0,5,6,1,2
53375,90000,3,0,1,0,5,6,2,2
38951,38951,3,0,1,0,4,6,1,1
2035,2035,8,0,0,0,4,6,1,1
0,4928,4,0,1,0,4,6,1,1
0,199130,2,0,0,0,5,6,1,2
70683,110810,1,0,1,0,5,5,1,3
2873,63024,3,0,0,0,4,6,1,2
125099,42751,1,0,1,0,4,6,1,1
0,300000,1,0,0,0,5,6,1,1
29000,80000,1,0,0,0,4,6,1,1
14254,6040,1,0,1,0,5,5,1,1
90620,90763,1,0,0,0,5,6,1,2
57510,52584,1,0,1,0,5,6,1,3
57513,47376,2,0,0,0,5,6,1,2
1062,45041,3,0,1,0,5,6,1,1
50000,640000,2,0,1,0,5,6,2,2
87625,109626,2,0,1,0,5,6,1,1
5500,45050,1,0,0,0,2,5,1,1
22551,18208,1,0,0,0,3,6,1,1
0,35108,1,0,1,0,2,6,1,1
7224,86942,1,0,1,0,4,6,1,1
26153,26110,2,0,1,0,4,6,1,1
26588,7718,2,0,0,0,4,6,2,1
0,88807,4,0,1,0,2,6,1,1
44219,13688,4,0,1,0,4,6,2,2
0,500000,3,0,1,0,5,6,1,1
0,766027,4,0,1,0,4,6,2,3
73995,50000,4,0,1,0,5,6,1,1
0,1000000,4,0,1,0,4,6,1,3
0,25000,1,0,0,0,4,6,1,1
99396,167614,5,0,1,0,5,4,2,1
0,25000,1,0,1,0,4,6,1,1
12000,28200,1,0,0,0,5,6,1,1
0,25000,1,0,0,0,5,6,1,2
0,25000,2,0,0,0,5,4,2,1
0,24000,1,0,1,0,4,6,1,2
15000,30712,1,0,0,0,4,6,1,1
35625,30000,1,0,1,0,4,6,1,2
156384,144716,1,0,1,0,5,6,1,3
32702,97403,2,0,0,1,5,6,3,1
0,66375,2,0,0,0,5,6,1,1
3600,111809,2,0,1,0,4,5,1,2
49290,43675,1,0,1,0,4,6,1,1
18718,120141,5,0,1,0,4,6,2,2
38000,50000,3,1,0,0,5,1,1,2
2380,10000,2,1,1,0,5,2,1,1
0,40448,3,0,1,0,5,6,1,1
0,9665,2,0,1,0,5,6,1,2
3441,3441,2,1,0,0,1,1,2,2
0,3085,1,1,0,0,4,1,1,3
43961,30051,3,0,1,0,4,6,1,3
2023,4500,2,0,0,0,4,1,1,2
0,44000,5,0,0,0,3,6,1,1
37360,37400,4,0,1,0,5,6,1,3
0,4445,1,0,0,0,6,6,1,2
0,21250,3,0,1,0,5,6,1,1
0,54545,2,0,0,0,3,6,1,1
62195,60000,4,0,1,0,6,4,1,2
0,30000,1,0,1,0,5,6,1,1
3339,3339,1,0,0,0,5,1,1,1
76196,37528,1,0,0,0,4,6,1,1
455000,458033,9,0,1,0,3,6,1,3
52647,30933,3,0,1,0,5,4,1,2
3321,3321,1,0,1,0,6,6,1,2
1943,2438,1,1,0,0,5,1,1,2
0,7630,1,1,0,0,5,1,2,3
5050,7500,1,0,1,0,4,6,2,2
0,57450,2,0,0,0,4,4,2,1
0,7644,1,0,0,0,1,6,1,2
3200,10000,1,0,1,0,5,6,1,1
4996,30000,2,0,0,0,4,5,2,1
8761,15000,1,0,0,0,4,5,1,3
0,33879,1,0,1,0,5,6,1,1
60437,30000,4,0,1,0,5,6,1,1
0,23096,2,0,1,0,5,6,1,2
7182,25180,5,0,1,0,4,6,1,3
697,687,1,0,0,0,5,6,1,1
2706,2706,1,0,0,0,5,6,1,1
0,125000,1,1,0,0,5,6,3,2
15000,40226,2,1,0,0,5,1,1,1
204500,75000,5,0,1,0,5,6,2,1
0,69000,3,1,1,0,5,1,1,2
4900,26000,2,1,0,0,5,1,2,1
0,15000,3,0,1,0,5,6,1,1
14011,35000,3,0,1,0,5,6,1,2
35000,70000,2,0,1,0,6,6,1,1
0,15000,2,1,0,0,6,1,2,1
0,10000000,5,1,1,0,5,1,1,3
0,60656,4,0,1,0,4,6,1,1
0,1000000,8,0,1,0,4,4,1,1
86034,68000,2,0,0,0,4,4,1,1
306046,454425,4,0,0,0,4,6,1,2
100451,143426,1,0,1,0,4,6,2,1
1911613,1471640,8,0,1,0,5,6,1,2
36581,49257,4,0,0,0,4,6,1,2
20000,44278,3,0,0,0,5,4,2,2
0,50000,5,1,0,0,4,3,1,1
58816,98353,4,0,1,0,4,6,1,1
0,55000,3,0,1,0,5,4,1,3
0,113000,2,0,0,0,5,6,2,2
0,10139,2,1,0,0,5,1,2,1
0,27791,1,0,0,0,4,1,1,2
0,37564,2,0,1,0,4,6,1,1
2401,2401,1,0,0,0,5,6,1,2
0,189722,1,0,1,0,5,6,1,1
18791,50000,1,0,1,0,5,6,1,1
164514,165939,1,0,1,0,5,6,1,1
51941,25000,1,0,1,0,5,5,1,1
90000,54786,1,0,0,0,5,6,2,1
252612,42625,1,0,1,0,5,6,1,3
0,50000,1,0,1,0,5,6,1,1
138300,92010,1,0,1,0,5,6,1,1
82124,79770,2,0,1,0,5,6,1,1
26147,34862,1,0,0,0,5,6,1,1
40725,30000,1,0,0,0,5,6,1,1
78264,30000,1,0,1,0,6,6,1,1
0,135000,1,0,0,0,5,4,1,1
95765,91771,1,0,1,0,6,6,1,1
0,140125,1,0,1,0,5,6,1,2
43857,26956,1,0,1,0,4,6,1,2
0,25000,1,0,1,0,3,6,1,1
250000,300000,1,0,0,0,3,6,1,1
6716,24157,1,0,1,0,5,4,1,3
10719,13346,1,0,1,0,5,4,2,1
293769,538618,1,0,1,0,4,6,1,1
0,23253,1,0,1,0,4,6,1,2
1401170,10871698,1,0,1,0,4,6,1,2
30939,30874,1,0,1,0,4,4,1,1
58358,50000,1,0,0,1,4,6,1,1
30080,57061,1,0,0,0,4,6,1,1
17500,50000,1,1,1,0,4,1,2,2
0,61200,1,0,1,0,4,6,1,1
247267,25000,2,0,1,0,4,4,1,3
152070,1577774,1,0,1,0,4,6,1,3
0,12335,2,0,0,0,4,6,1,1
0,50000,10,0,1,0,2,6,1,2
0,10000,4,1,0,0,2,1,1,2
7245,21196,3,0,0,0,4,6,1,1
1091,1091,1,1,0,0,3,1,1,2
3050,400690,1,0,1,0,2,6,1,3
134653,104623,2,0,1,0,4,6,1,2
0,26000,1,0,1,0,4,6,1,1
4490,4520,1,0,1,0,6,6,1,2
42523,316877,4,0,0,0,5,6,1,1
25445,22260,2,0,0,0,4,4,1,1
6107,2839,2,0,0,0,4,6,1,2
0,10000,1,0,0,0,4,6,1,1
5785,17351,2,0,1,0,4,6,1,2
3000,11085,5,0,1,0,4,6,1,3
64772,64675,4,0,0,0,3,6,1,1
11450,25000,2,0,1,0,3,6,2,3
23013,10000,4,0,0,0,3,5,1,2
25000,23500,1,0,1,0,4,5,1,1
49002,58490,9,0,0,0,4,6,1,1
225000,225000,1,0,1,0,4,6,1,1
70000,70000,1,1,0,0,4,1,1,2
40000,40000,1,0,1,0,4,6,1,1
13610,14047,1,0,0,0,5,6,1,1
39164,34797,1,0,1,0,5,6,1,1
22508,28241,1,0,0,0,4,6,2,2
80274,78480,2,0,0,0,4,5,1,1
9500,13803,1,0,1,0,5,6,1,1
27277,64412,3,0,0,1,4,6,1,1
0,40000,3,0,1,0,2,6,1,1
0,92500,3,0,1,0,5,6,1,1
0,4500,1,1,0,0,5,1,1,1
56147,25000,2,0,1,0,2,6,1,1
0,90000,3,0,1,0,3,6,1,1
0,2000000,6,0,0,0,2,3,1,1
0,100025000,2,1,1,0,3,2,1,3
66470,54472,3,0,1,0,4,6,1,1
40820,120620,3,0,1,0,5,6,1,2
300000,240000,3,0,1,0,4,6,1,1
0,16283,3,0,1,0,4,6,1,1
43710,10000,2,0,0,0,5,4,1,1
0,20472,1,0,0,0,4,6,1,2
0,12219,3,0,0,0,5,6,1,2
4900,19734,2,0,1,0,5,6,1,1
9610,10000,1,1,0,0,4,3,1,2
4362,10050,2,0,0,0,4,5,1,1
4670,17250,2,0,1,0,5,6,1,3
7790,6000,2,0,1,0,5,6,1,1
36718,86389,2,0,1,0,5,6,1,1
0,35000000,2,1,1,1,1,6,1,3
42000,300000,4,0,0,1,1,6,1,1
0,21000000,8,1,1,0,1,6,2,2
0,10000000,8,1,0,1,1,6,1,3
0,6000000,6,1,1,0,1,6,1,1
250000,1000000,6,1,1,1,1,2,1,3
1568030,2000000,5,1,1,0,1,2,2,1
0,2000000,3,1,0,1,1,2,1,1
357456,750000,3,0,1,0,1,4,2,2
0,3000000,7,1,0,1,1,1,1,2
2150000,40500000,7,1,1,0,1,6,2,1
0,30600000,7,1,0,0,1,3,1,3
68083,100000,5,0,1,0,2,6,1,1
37119000,10000000,4,1,0,0,1,1,1,2
0,30450,3,0,1,0,2,6,1,1
32362,5000000,7,0,1,0,4,6,1,1
0,500000,4,1,0,0,4,2,1,1
0,1000000,1,1,1,0,4,2,1,1
0,1000000,4,1,0,0,4,2,1,2
72646,600000,1,0,0,0,3,4,2,1
0,3000000,1,1,0,0,4,1,1,2
81000,500000,1,0,0,0,3,6,1,1
0,10000000,1,1,0,0,3,1,1,1
2992642,5000000,3,1,1,0,5,2,1,1
0,1289420,4,1,0,0,5,2,1,1
68000,1000000,4,1,0,0,5,1,1,2
50000,1000000,2,1,0,0,5,1,1,1
0,1000000,1,1,0,0,5,1,2,1
125000,1000000,1,1,1,0,2,1,1,3
50000,3000000,1,1,1,0,2,2,1,1
640000,5650000,1,0,0,0,4,6,1,3
0,2500000,3,1,1,0,3,1,1,2
2141000,10000000,12,1,1,0,3,1,1,3
0,3000000,3,1,1,0,3,2,1,2
1347453,28000000,6,0,1,0,3,6,1,1
1135000,26000000,9,1,0,1,3,2,2,1
0,2000000,3,1,0,0,3,2,1,1
0,66000,10,0,1,0,3,6,1,1
539000,5000000,5,1,1,0,3,2,1,2
0,1500000,3,0,1,0,3,6,1,3
0,10000000,1,1,1,0,3,1,1,2
0,1000000,3,1,0,0,3,3,1,1
0,5050000,8,1,1,0,3,2,2,2
588800,10000000,4,1,1,0,3,2,1,2
0,10000000,9,1,1,0,3,2,1,3
76095,720000,2,0,1,0,3,6,1,1
570471,397873,11,0,1,0,3,6,1,3
996253,289112,22,0,0,0,3,5,1,1
0,500000,5,1,1,0,4,2,2,1
501270,750000,7,1,1,0,4,2,1,1
1751265,6000000,9,1,1,0,4,1,3,3
376735,5000000,5,1,1,0,4,2,1,2
165227,5000000,1,1,1,0,4,2,1,1
145000,5000000,4,1,1,0,4,2,1,2
259084,350000,6,0,1,0,3,6,1,2
20000,750000,4,1,1,0,4,2,1,3
1230000,3000000,4,1,1,0,4,1,1,2
0,5000000,4,1,1,0,4,2,1,1
15636,430000,6,0,1,0,4,6,1,3
100000,550000,10,1,1,0,4,2,2,3
762600,5000000,3,1,1,0,4,2,1,2
0,425000,4,0,0,0,4,6,1,1
8787383,150000,2,1,1,1,4,2,2,3
60000,2000000,1,1,1,0,4,1,1,2
17000,2000000,5,1,1,0,4,2,1,3
0,7050000,3,1,0,0,5,1,2,1
0,2000000,1,1,0,1,5,2,1,2
4500,5000000,2,1,0,0,4,1,1,2
210000,10000000,5,1,1,0,4,2,1,2
76079,58543,1,0,0,0,4,6,1,2
748851,936567,2,0,1,0,4,6,1,1
0,2000000,5,1,0,1,5,1,1,3
50000,1000000,6,1,0,0,5,1,1,2
684803,750000,6,0,0,0,5,6,1,2
174244,5000000,3,1,1,0,5,1,1,3
0,6000000,3,1,0,0,5,1,2,1
36467,370570,3,0,1,0,4,6,1,1
0,2000000,5,1,0,0,5,1,1,1
408482,346706,3,0,1,0,5,6,1,2
8098,710150,5,0,1,0,5,6,1,1
0,250000,3,0,1,0,5,6,1,3
138200,5000000,5,1,1,0,1,2,1,1
631336,2500000,8,1,1,0,6,1,2,2
17825000,10000000,4,1,0,0,1,1,1,1
0,5000000,4,1,0,1,1,2,1,2
372073,251837,14,0,1,0,1,6,1,3
0,750000,4,0,1,0,2,6,1,1
0,5000000,5,1,1,0,2,2,1,1
0,2075000,6,1,0,0,2,1,2,1
30000,10000000,1,1,1,0,2,1,1,2
0,1927644,5,1,1,0,2,6,1,1
71562,10000000,7,1,0,1,2,1,1,3
4806000,22000000,8,1,0,1,2,1,2,3
0,3000000,1,1,0,0,2,1,1,1
103385,500000,5,1,0,0,2,6,1,2
140000,750000,7,1,0,0,2,1,1,3
0,10000000,1,1,0,1,2,1,1,2
0,10000000,10,1,1,0,2,2,1,3
485000,3000000,5,1,1,0,4,2,2,2
0,7000000,7,1,1,0,4,1,1,3
0,500000,6,1,0,0,4,3,2,2
313733,275000,6,0,1,0,4,6,1,1
32795,1000000,4,1,1,0,5,1,1,3
0,1000000,4,1,1,0,5,1,1,2
1551000,2000000,7,1,1,0,4,2,2,3
0,5000000,4,1,0,0,4,6,2,1
0,5000000,1,1,1,0,4,1,1,2
0,1000000,1,1,0,0,4,1,1,1
36750,5000000,5,1,1,0,4,2,2,1
0,1000000,5,1,0,1,4,2,1,1
20000,10000000,3,1,0,0,4,6,2,1
0,3000000,5,1,0,0,4,1,1,2
1875000,5000000,8,1,1,0,4,1,1,2
0,1000000,4,1,1,0,4,2,1,1
0,3500000,3,1,0,1,4,6,2,1
0,1000000,1,1,1,0,3,1,1,2
200000,5000000,5,1,0,0,3,2,1,1
905000,12000000,6,1,1,0,1,2,2,2
0,250000,3,0,1,0,3,6,1,3
175000,3000000,3,1,1,0,3,2,2,2
0,10000000,2,1,0,1,3,2,1,2
6182,500000,4,1,1,0,3,2,2,2
14600,222715,2,0,0,0,3,4,1,1
43000,5000000,6,1,0,1,3,1,1,2
3123083,50000000,16,1,1,0,3,2,2,3
0,500000,3,1,1,0,3,6,1,1
71827,5000000,5,1,1,0,3,6,1,1
14000,5000000,3,1,0,1,1,1,1,2
0,10500000,4,1,0,0,1,1,2,1
0,10000000,3,1,1,0,1,2,1,3
0,1000000,3,1,1,0,1,2,1,2
0,5000000,7,1,1,0,1,2,2,1
0,10000000,3,1,0,1,5,2,1,1
25000,1000000,1,1,1,0,5,6,1,2
50000,1000000,2,1,0,0,5,1,1,2
24970,2000000,4,0,1,0,5,6,1,1
0,1000000,3,1,0,0,5,1,1,2
0,45000000,13,1,0,1,1,6,1,3
100000,1000000,5,1,1,1,1,2,1,3
400000,10500000,5,1,0,0,1,1,2,2
1569000,2500000,5,1,0,1,1,2,2,1
0,2000,2,1,0,1,1,2,1,2
225000,6000000,5,1,0,0,1,3,1,2
0,500000,3,1,0,1,1,2,1,1
0,2000000,1,1,0,1,1,1,2,3
0,6000000,7,1,0,0,1,3,1,3
0,1000000,10,1,1,0,1,2,1,3
0,1000000,6,1,1,1,1,2,1,2
78872,1000000,5,1,1,1,1,2,2,3
31414,2250,5,1,0,1,1,2,2,1
1594404,3001571,5,0,1,0,1,6,2,2
0,20000000,9,1,0,1,1,6,2,2
35532,2250000,6,1,1,0,1,2,2,2
151586,1000000,5,1,0,0,1,6,1,1
0,350000,5,1,1,1,1,2,2,3
0,1000000,1,1,0,0,1,3,1,3
0,2000000,3,1,0,1,1,6,1,2
0,10000000,5,1,0,1,4,2,1,1
300000,5000000,3,1,1,0,4,2,1,3
50950,250000,2,0,1,0,5,6,2,2
41290,46594,2,0,1,0,4,6,1,2
5926492,3168550,4,0,1,0,2,6,2,3
304604,228666,5,0,1,0,2,6,1,1
78215,63889,2,0,0,0,3,6,1,1
0,2000000,1,1,0,0,4,6,1,1
310835,5000000,1,1,1,0,4,2,2,1
0,3445513,1,0,1,0,4,6,3,2
673670,2000000,4,0,1,0,5,6,1,1
0,500000,3,0,1,0,3,6,2,3
1526495,1495825,3,0,1,0,4,6,1,1
51120,5000000,1,1,0,0,5,1,1,3
75857,57802,3,0,1,0,4,6,1,1
0,37500,3,0,1,0,5,6,1,3
1646140,2200000,8,0,1,0,5,6,2,2
0,50000000,2,0,1,0,5,6,3,3
991135,900001,2,0,1,0,5,6,2,1
0,217021,1,0,1,0,6,6,1,2
0,316077,2,0,1,0,6,6,1,1
0,49255,2,0,1,0,2,6,2,1
5895,75000,2,1,1,0,6,1,1,2
0,50000,1,1,1,0,6,1,1,2
60000,750000,3,0,1,0,5,4,2,1
200000,639945,6,0,0,0,5,4,1,1
20037,35000,3,1,1,0,5,1,2,2
300999,500000,6,1,0,0,5,3,3,2
0,50000,3,1,0,0,5,3,3,1
5244,105000,3,1,1,0,5,1,1,2
23233,250000,3,0,1,0,5,6,2,1
0,180000,4,1,0,0,5,1,2,1
0,64000,3,1,1,0,6,1,3,2
2715,30000,3,1,1,0,6,1,1,2
15540,200000,2,1,1,0,6,1,1,2
8435,250000,4,1,1,0,6,1,1,2
24893,25000,2,1,0,0,3,1,2,2
5000000,3000000,5,0,1,0,3,6,1,2
0,16280,2,0,1,0,4,6,1,1
14184,50000,1,1,0,0,4,1,1,2
0,2500000,6,1,0,0,4,3,2,1
15655,500000,2,1,0,0,4,1,1,1
240947,1300000,3,1,1,0,4,2,1,3
3362,100000,2,1,1,0,5,1,1,2
5000,150000,1,1,1,0,5,2,2,3
0,5000000,7,1,0,0,5,3,2,1
9990,7848,3,0,1,0,5,6,2,2
35000,350000,2,1,1,0,5,2,1,2
0,10215,3,0,1,0,5,6,1,2
12315,50000,3,0,1,0,5,6,1,2
0,22500,2,1,0,0,5,2,1,1
0,30000,2,1,1,0,5,2,1,1
31000,250000,1,1,1,0,5,2,1,2
0,2025000,4,1,0,0,5,3,2,1
51000,51381,3,0,1,0,5,5,1,1
0,50000,5,0,1,0,5,6,1,1
0,100000,1,1,1,0,5,2,1,2
0,500000,1,0,1,0,5,6,1,2
10878432,18000000,5,0,1,0,5,6,3,1
0,3025000,3,1,1,0,5,3,2,3
40000,250000,2,1,0,0,5,3,2,1
5500,100000,5,1,1,0,5,1,1,2
0,55000,2,0,0,0,5,5,2,1
4320,325000,2,1,0,0,4,1,2,1
0,1000000,7,1,0,0,4,3,2,1
601215,75000,8,1,0,0,4,3,3,1
0,2000000,5,1,1,0,4,3,2,2
8729,50000,2,1,1,0,4,1,1,3
0,100000,3,0,0,0,4,6,1,1
50697,50000,2,0,1,0,4,6,2,1
1609037,1025000,5,0,0,0,4,5,3,1
0,400000,3,0,1,0,4,6,2,1
2733,400000,3,0,1,0,5,6,1,1
15966,45000,3,1,0,0,5,1,2,1
0,700000,2,1,1,0,5,6,1,2
15910,75000,3,0,1,0,5,6,1,1
0,111138,4,0,0,0,5,6,1,1
36401,100000,2,0,1,0,5,6,2,1
0,2500000,8,0,1,0,5,6,1,1
82767,65185,4,1,1,0,5,6,2,1
0,50000,2,1,1,0,5,2,1,2
23363,500000,5,0,1,0,5,6,1,1
0,1950,2,0,1,0,5,6,1,2
0,1500000,3,1,1,0,5,1,2,2
0,2000000,6,0,1,0,5,6,1,1
23249,100000,4,1,0,1,5,1,2,2
0,18681,2,0,1,0,4,6,1,1
122400,250000,6,0,0,0,5,6,1,2
0,50000,7,0,1,0,1,6,3,3
0,75000,11,1,1,0,2,6,3,1
0,50000,7,1,0,0,4,3,1,3
0,1200000,1,0,0,1,5,6,2,3
9434,17417,2,0,0,0,6,4,2,1
13424,100000,4,1,0,0,4,6,3,3
4680,6076,1,0,0,0,4,6,1,1
0,54190,1,0,1,0,4,6,1,2
0,89000,3,0,1,0,5,4,1,2
0,8043,1,0,0,1,5,6,1,1
307651,100000,2,0,0,0,5,6,1,1
0,15000,1,0,0,0,5,4,1,1
0,200000,1,1,0,0,5,6,2,2
125152,1400000,4,0,1,0,5,6,2,3
35612,35473,2,0,0,0,5,6,1,2
0,1700000,4,1,0,0,5,6,3,2
9545,5693,1,0,0,0,5,6,1,1
0,17400,1,0,0,0,6,6,1,1
360037,360000,1,0,1,0,6,4,1,2
9114,10000,2,0,0,0,4,6,2,1
4251,25000,1,0,0,0,3,6,1,1
105987,109964,1,0,0,0,3,6,1,1
19254,20000,1,0,1,0,4,6,2,1
33236,33000,1,0,0,0,4,6,1,2
449000,2000000,1,0,1,0,5,6,1,2
34816,180728,1,0,1,0,5,6,1,1
35032,105097,1,0,1,0,5,6,1,1
60000,60000,1,0,1,0,5,6,1,2
71764,32750,2,0,1,0,5,6,1,1
152107,152000,3,0,1,0,5,6,1,1
43673,43614,1,0,1,0,5,6,1,1
29700,600000,4,0,1,0,3,3,1,3
3678,500000,2,1,1,0,5,6,1,2
0,400000,3,0,0,0,4,6,1,1
425000,750000,5,1,0,0,4,3,1,3
6400,75000,3,1,0,0,4,1,1,1
4010,250000,2,0,0,0,5,6,1,1
0,175000,4,1,0,0,5,1,1,1
240841,450000,3,1,0,0,4,1,1,1
0,500000,5,1,0,0,4,1,2,1
0,1500000,5,1,0,0,3,3,2,2
13740,128000,4,1,0,0,4,1,2,1
35625,100000,3,1,0,0,5,1,1,1
30000,200000,4,1,0,0,5,1,1,1
0,30000,2,1,1,0,4,6,1,3
150000,200000,2,0,1,0,5,6,1,1
143916,92800,6,0,1,0,4,6,1,3
0,15000000,15,1,0,0,4,3,1,2
30600,122400,2,0,1,0,5,6,1,1
16798,147477,6,0,0,0,5,6,2,2
0,355000,5,1,0,1,5,2,3,1
20042,25000,11,0,1,0,5,6,1,1
214983,1000000,10,0,0,0,5,6,1,2
3563,2874,2,1,0,0,4,1,1,1
15000,250000,5,1,1,0,5,1,1,2
0,250000,4,0,1,0,5,4,1,1
0,1800000,6,1,0,0,3,3,1,2
62780,56505,5,0,0,0,4,6,1,2
17010,89600,9,0,1,0,4,4,1,3
0,270000,5,0,0,1,5,6,1,1
50000,50000,1,0,0,0,4,6,1,1
223724,750000,1,0,1,0,5,6,1,1
27000,37492,1,0,0,0,5,6,1,1
12000,14000,1,0,0,0,4,6,1,1
894389,872363,1,0,0,0,4,6,1,1
1206,161295,1,0,1,0,4,6,2,1
22901,51649,2,0,0,0,5,6,1,1
14386,167019,2,0,1,0,5,5,1,2
0,1786,1,0,0,0,5,6,1,1
0,19807,1,0,0,0,5,6,1,1
7405,67980,2,0,0,0,5,6,1,1
2201,1752,1,0,0,0,5,6,1,2
0,114334,1,0,1,0,5,4,1,2
65000,1635000,1,1,0,0,4,6,3,1
0,39202,1,0,1,0,4,6,1,3
57504,136124,4,0,1,0,4,6,1,1
1021,627,1,0,0,0,2,6,3,2
1500,16500,1,0,0,0,4,5,1,3
0,252289,5,0,1,0,4,6,1,1
25000,75000,2,0,1,0,5,6,1,1
0,100000,1,1,0,0,5,1,1,2
0,2260,1,0,0,0,6,5,1,1
1247615,300000,9,1,1,0,1,6,3,2
0,25000,5,1,0,0,5,1,1,2
3284,3199,1,0,0,0,5,6,1,2
5592,5592,2,0,0,0,5,6,1,1
0,15618,1,1,0,0,5,1,2,1
30000,105000,2,1,1,0,5,2,2,1
6800,31500,1,0,1,0,5,6,1,1
62740,153277,1,0,1,0,6,6,1,1
0,13311,1,0,0,1,5,6,1,1
0,77500,1,0,1,0,5,6,2,1
0,8334,1,0,0,0,5,5,1,2
737,4224,1,0,0,0,5,6,1,1
0,3116,1,0,1,0,5,6,1,2
0,6600,7,0,0,0,4,6,1,3
3592,9242,1,0,1,0,4,6,1,1
2115,2500,1,0,0,0,5,6,1,1
1000,1000,1,0,1,0,5,6,1,2
19156,19156,1,0,1,0,3,6,1,3
9819,4836,1,0,0,0,5,5,1,1
0,24721,1,0,1,0,4,6,1,3
1537,4265,1,0,0,0,4,6,1,2
2831,2870,1,0,0,0,4,6,1,1
0,18123,1,0,0,0,4,6,1,3
38354,52400,3,0,0,0,3,4,2,2
4500,25000,1,1,0,0,5,1,1,1
4800,4800,1,0,0,0,4,6,1,1
15948,15948,2,0,1,0,5,6,1,1
10000,11740,2,0,0,0,5,4,1,1
60000,75000,2,1,0,0,1,3,1,1
269055,1000000,6,1,0,0,4,3,1,1
74467,74467,3,0,1,0,3,6,1,1
8000,50000,1,1,0,0,5,1,1,1
35000,50000,3,1,1,0,4,2,1,1
9374,9374,1,0,0,0,4,6,1,2
0,20901,2,0,0,0,5,6,2,1
0,57750,2,1,0,0,5,1,1,1
0,5875000,6,1,1,0,3,6,3,3
0,22500000,5,0,1,0,5,6,1,3
0,1500000,4,1,1,0,5,1,1,3
0,50000,3,1,0,0,4,1,1,1
0,17000,2,1,0,0,4,1,1,1
0,150000,10,1,0,0,4,1,1,1
2323,17500,2,1,0,0,4,1,1,1
7318,37000,2,1,0,0,3,1,1,1
0,400000,9,0,1,0,2,4,1,2
117012,106000,1,0,1,0,5,6,1,1
7698,4799,1,0,1,0,5,6,1,1
77900,75400,1,0,0,0,5,6,1,1
73889,110000,3,0,1,0,4,6,1,1
15723,7102,1,0,1,0,4,6,1,3
32000,32000,1,0,0,0,5,6,1,1
22032,22232,1,0,1,0,5,6,1,2
177227,159572,2,0,1,0,5,6,1,1
33474,42474,1,0,0,0,5,6,1,1
25809,23508,1,0,0,0,6,6,1,1
0,59785,1,0,1,0,5,6,1,1
870,2322,1,0,0,0,6,6,1,1
13000,11550,1,0,1,0,5,6,1,2
96341,180000,1,0,0,0,5,6,1,1
205890,125000,4,0,1,0,3,6,1,2
208634,30000,2,1,1,0,4,1,1,2
22818,37139,7,0,0,0,4,6,1,1
0,20000,8,1,0,0,1,2,3,2
0,30000,7,1,0,0,4,3,1,2
0,311649,3,0,1,0,4,6,1,2
12000,1093000,5,1,1,0,4,1,3,2
0,10197,2,1,0,0,4,1,1,1
22771,50000,1,1,0,0,4,1,3,1
0,20000,1,0,0,0,4,4,1,2
0,7520,2,1,0,0,5,1,2,1
0,50000,2,0,1,0,5,6,1,1
159421,150000,2,0,1,0,5,6,1,1
19268,7028,1,1,0,0,4,1,1,1
23102,99087,2,1,1,0,1,1,3,3
0,8500000,5,0,0,0,5,6,1,1
11287,10664,1,0,0,0,5,6,1,1
49313,31160,1,0,1,0,5,6,1,1
22290,17000,2,0,1,0,5,6,2,1
0,4628,1,1,0,0,4,1,1,1
3570,50000,1,1,0,0,5,1,1,1
0,17500,1,1,0,0,3,1,2,1
0,188596,9,0,1,0,2,4,1,2
268138,130496,4,0,1,0,4,6,1,1
71807,240000,2,0,0,0,2,4,1,2
0,63500,2,1,0,0,4,1,1,1
0,50000,3,1,0,0,4,1,2,1
665450,50000,6,0,1,0,4,6,2,2
6300,121153,2,1,0,0,5,1,1,1
19454,50000,2,1,0,0,5,1,1,1
14542,260500,3,1,1,0,5,6,1,2
165710,14295,3,1,1,0,4,1,1,1
35270,10000,9,1,1,0,5,2,1,1
0,3245,1,1,0,0,4,1,1,1
764545,500000,1,0,1,0,1,6,1,1
17160,14160,1,0,0,0,5,6,1,1
0,48131,1,0,1,0,4,6,1,1
34250,29500,1,0,1,0,5,6,1,1
2250,2000,1,0,0,0,5,5,1,1
45694,43649,2,0,1,0,3,4,1,1
378719,307971,1,0,1,0,5,6,1,3
515019,95000,1,0,0,0,4,6,1,1
17006,15540,1,0,1,0,6,6,1,2
375000,197810,1,0,1,0,5,6,1,2
54014,46000,1,0,1,0,5,6,1,2
18517,50000,1,1,0,0,5,1,1,1
122719,50000,2,0,0,0,5,6,1,1
19000,15821,1,0,0,0,5,6,1,1
34882,24882,1,0,1,0,4,6,1,3
800000,30000000,25,1,1,1,1,6,3,3
0,2129,1,0,1,0,5,6,2,1
0,1000000,1,1,0,0,4,1,1,1
0,2000000,6,1,0,0,3,3,1,2
0,1000000,4,1,0,0,3,3,2,3
30000,50000,2,1,0,0,5,1,1,1
0,75000,1,1,0,0,5,1,1,1
0,75000,1,1,0,0,5,1,1,1
19000,252000,2,0,0,0,5,6,1,3
0,1000000,2,1,0,0,4,3,1,2
1500,15000,1,1,0,0,5,1,1,2
60000,1000075,7,0,1,0,5,3,1,2
10000,100000,2,1,1,0,5,6,1,2
0,250000,1,1,0,0,5,1,1,1
0,400000,2,1,0,0,5,3,1,2
3000,50000,2,1,1,0,5,1,1,2
47991,200000,2,0,1,0,5,6,1,1
0,100000,1,1,1,0,5,2,1,2
0,15054,1,1,1,0,5,1,1,2
10000,100000,2,1,0,0,5,1,1,1
70000,3526822,4,0,1,0,6,6,2,3
202423,200000,4,0,1,1,6,6,2,2
0,75000,3,1,1,0,6,1,1,2
0,100000,1,1,0,0,6,1,1,1
1500,50000,1,1,1,0,6,2,1,3
0,100000,1,1,0,0,6,6,1,1
14000,50000,2,1,0,0,5,1,1,1
460000,400000,2,1,1,0,6,1,1,2
0,100000,1,1,0,0,6,6,1,1
0,1000000,3,1,0,0,6,3,2,1
0,500000,2,0,1,0,6,6,1,1
0,30000,2,0,1,0,6,6,1,1
0,154050,2,0,1,0,4,6,2,2
1875,50000,1,1,0,0,4,1,1,1
0,75000,5,0,0,0,5,4,1,1
300000,300000,2,1,1,0,5,1,1,2
0,1500000,3,1,0,0,5,3,1,1
18063,45000,1,1,0,0,5,1,1,1
20000,4000000,2,1,0,0,5,1,1,1
108800,175000,1,1,1,0,5,1,1,2
0,250000,1,1,0,0,5,1,1,1
225,125000,1,1,0,0,5,1,1,1
0,25000,1,1,0,0,5,1,1,1
0,15000,1,1,0,0,5,1,3,2
11000,8500,1,1,0,0,5,1,1,1
0,3500000,6,0,1,0,5,3,1,1
8000,25000,1,1,0,0,5,1,1,1
0,500000,3,1,0,0,5,1,1,1
0,50000,1,1,0,0,5,1,1,1
984777,10000000,3,1,0,0,5,3,3,1
30000,600000,4,1,0,0,5,1,1,1
0,15000,1,1,0,0,5,1,1,1
0,250000,1,1,0,0,5,6,1,1
150000,500000,2,1,0,0,5,1,1,2
2500,500000,1,1,0,0,5,1,1,1
2005,250000,1,1,0,0,5,1,1,2
50000,500000,1,1,0,0,5,1,1,1
0,250000,2,1,0,0,5,1,1,1
3031,250000,1,1,0,0,4,1,1,1
2163,15000,1,1,0,0,5,1,1,1
1700,50000,1,1,0,0,5,1,1,1
0,250000,1,1,0,0,5,1,1,1
0,25000,1,0,0,0,5,6,1,1
16000,500000,2,1,0,0,5,1,1,1
0,15000,2,1,0,0,5,1,2,1
0,150000,1,1,0,0,5,1,1,1
17536,100000,1,1,0,0,5,1,1,1
0,200000,2,1,0,0,5,1,1,1
1500,30000,1,1,0,0,5,1,1,2
5000,150000,1,1,0,0,5,1,1,1
0,600000,2,1,0,0,5,1,1,1
7940,50000,1,1,0,0,5,1,1,1
0,150000,2,1,0,0,5,6,1,1
6500,25000,1,1,0,0,5,1,1,1
2657,50000,1,1,1,0,5,2,1,1
0,25359043,3,1,1,0,5,2,1,3
6654,50000,1,1,0,0,5,1,1,2
10000,250000,1,1,0,0,5,1,1,1
0,150000,2,1,0,0,5,1,1,1
80000,200000,3,1,0,0,5,1,1,1
10000,150000,2,1,0,0,5,1,1,1
0,50000,2,1,0,0,5,1,1,1
0,250000,1,1,1,0,5,2,1,1
4100,40000,1,1,0,0,5,1,1,1
5000,250000,1,1,0,0,5,1,1,1
600000,1000000,5,1,0,0,5,3,1,1
0,100000000,8,1,0,0,5,3,1,3
17520,40141,1,0,0,0,5,6,1,2
2500,250000,2,1,0,0,5,1,1,1
0,1000000,2,1,1,0,5,6,1,2
29000,1000000,3,1,0,0,5,1,1,1
0,300000,1,1,0,0,5,1,1,1
10000,250000,1,1,0,0,4,1,1,1
0,2930,1,0,1,0,5,6,2,1
500000,1000000,3,1,0,0,5,6,1,1
0,50000,1,1,0,0,5,1,1,1
13900,150000,2,1,0,0,5,1,1,1
165000,450000,1,1,0,0,5,1,1,2
262407,750000,4,0,1,0,5,6,3,1
41460,300000,2,1,0,0,5,1,1,1
583600,733800,3,0,1,0,5,4,1,2
0,35000,1,1,0,0,5,1,1,1
0,80000,1,1,0,0,5,1,1,1
1318,57962,1,0,0,0,5,6,1,1
1650,250000,1,0,1,0,5,3,1,1
64725,60000,2,0,0,0,5,6,1,1
6700,75000,1,1,0,0,5,1,1,1
0,49951,2,0,1,0,5,4,1,1
442,200000,1,1,0,0,5,1,1,1
0,50000,2,1,0,0,5,1,1,1
11000,25000,1,1,0,0,5,1,1,1
4000,422000,1,1,0,0,5,1,1,1
500000,13900000,5,0,1,0,5,6,1,2
0,1000000,2,1,1,0,5,1,1,2
15000,350000,2,1,0,0,5,1,1,1
0,2570,1,0,1,0,5,6,1,1
8280,8280,1,0,0,0,5,5,1,1
0,73413,2,0,1,0,5,6,2,1
412000,1000000,5,1,0,0,5,3,1,1
7500,60000,1,0,1,0,5,6,1,2
7500,250000,2,1,0,0,5,1,1,1
10145,37500,1,1,0,0,6,6,1,1
0,850000,2,1,1,0,5,2,1,2
4680,200000,1,1,0,0,5,1,2,1
18675,78084,4,0,0,0,6,4,1,2
1250,100000,1,1,0,0,6,6,2,2
0,24000,1,0,0,0,6,4,1,1
9728,7728,1,0,0,0,6,6,1,1
0,7000,1,1,0,0,6,1,1,1
0,148000,2,0,1,0,6,6,1,1
12500,75000,1,1,1,0,6,6,1,1
0,5000000,4,1,0,0,4,3,2,1
0,1000000,5,1,0,0,2,3,1,2
0,10350000,4,0,0,0,5,6,1,1
1985156,1150000,6,0,1,0,4,4,2,2
16500,1000000,3,1,0,0,4,1,1,1
300000,1000000,3,1,0,0,4,3,1,2
8993,50000,1,1,0,0,4,1,1,1
10700,3000000,6,1,0,0,4,1,1,1
0,99902,2,0,1,0,4,4,1,1
10000,50000,1,1,0,0,4,1,1,1
58400,242000,1,1,0,0,4,1,1,1
55000,400000,1,1,1,0,4,2,1,2
0,850000,2,1,0,0,4,1,1,1
0,500000,2,1,0,0,4,1,1,1
0,5000000,7,1,0,0,4,3,1,3
0,42734,2,0,1,0,5,3,1,2
0,1000000,2,1,0,0,5,1,2,1
95290,450000,1,1,0,0,5,6,1,2
5860,15000,1,1,0,0,5,1,2,1
35000,350000,2,1,0,0,5,1,1,1
3000,200000,1,1,0,0,5,1,1,1
60000,500000,2,1,1,0,5,2,1,1
6300,15000,1,1,0,0,5,1,1,1
0,50000,2,1,0,0,5,1,1,1
10000,49000,1,1,0,0,5,1,1,1
0,150000,1,1,0,0,4,1,1,1
0,2000000,4,1,0,0,5,3,1,3
1385000,250000,6,1,1,0,5,2,1,1
0,1000000,3,0,0,0,5,6,1,2
15900,15900,2,0,0,0,5,4,1,2
35000,300000,2,1,0,0,5,1,1,1
0,500000,1,1,0,0,5,1,1,1
515000,1064000,4,1,0,0,5,6,1,1
71500,100000,1,1,0,0,4,1,1,1
27000,850000,2,0,1,0,5,6,1,1
40255,37000,2,0,1,0,5,6,1,1
331110,331330,1,0,1,0,5,6,1,2
28106,23776,2,0,1,0,5,6,2,2
0,47162,1,0,1,0,5,5,1,1
42194,100000,1,0,1,0,5,6,1,1
15030,15000,1,0,1,0,5,6,1,1
155448,1904516,2,0,1,0,5,6,1,1
9936,9936,1,0,1,0,5,6,1,2
215494,500000,1,0,0,0,5,6,1,1
8825,8101,1,0,0,0,5,6,1,1
25000,125000,1,0,0,0,5,6,1,1
13678,30423,1,0,0,0,5,6,1,1
29027,39022,1,0,1,0,5,6,1,1
12080,14000,1,0,1,0,5,6,2,2
24000,18000,2,0,0,0,6,6,1,1
13076,15000,1,0,0,0,6,6,1,1
0,8753,1,0,0,0,5,6,2,1
69930,100000,1,0,0,0,5,4,1,1
5219,25000,1,0,1,0,5,5,1,1
30321,40726,1,0,0,0,5,6,1,1
11608,16917,1,0,1,0,4,6,1,1
136987,163942,1,0,1,0,5,6,1,1
43786,32840,1,0,1,0,6,6,1,1
0,6572,1,0,0,0,5,6,1,2
95673,95823,1,0,1,0,5,6,1,1
43609,90458,1,0,1,0,6,5,1,1
0,1974,1,0,0,0,5,4,1,1
2300,2300,1,0,0,0,5,6,1,1
2070,2070,1,0,1,0,5,6,1,1
56540,396540,2,0,0,0,5,6,1,1
15000,15000,1,0,1,0,5,6,1,1
978,978,1,0,0,0,5,6,1,1
0,3230,1,0,1,0,5,6,1,1
18000,15000,1,0,1,0,5,6,1,1
82186,82186,1,0,1,0,5,6,1,1
0,30000,1,0,1,0,5,4,1,2
32976,33845,1,0,0,0,5,6,1,1
211019,210823,1,0,1,0,5,6,1,1
9484,15000,1,0,0,0,5,6,2,2
0,850,1,0,0,0,5,6,1,1
0,10000,1,0,1,0,5,4,1,1
0,48425,1,0,1,0,5,6,1,1
25,1000,1,0,0,0,5,6,1,2
500,1489,1,0,1,0,5,6,1,1
1240,400,1,0,1,0,5,6,1,1
1750,1000,1,0,0,0,5,6,1,1
313313,313093,1,0,1,0,5,6,1,2
0,60000,5,0,0,0,5,6,1,2
86612,65122,1,0,1,0,5,6,1,1
38580,28442,1,0,1,0,6,6,1,3
0,745,1,0,0,0,5,5,1,1
1139,3222,2,0,0,0,5,6,1,1
3665,3665,1,0,0,0,5,6,1,1
719,1275,1,0,0,0,5,5,1,2
1500,5000,2,0,1,0,5,6,1,1
1200,1500,1,0,0,0,5,5,1,1
802,802,1,0,0,0,6,5,1,1
2630,10000,1,0,1,0,5,6,1,1
783,753,1,0,1,0,6,4,2,1
184,1122,1,0,0,0,6,5,1,1
12000,100000,1,1,0,0,5,6,1,1
4716,4633,1,0,1,0,5,6,1,1
347495,1319225,2,0,0,0,5,4,1,1
0,574485,2,0,1,0,4,4,1,3
0,2185,1,0,0,0,6,5,1,1
57520,50000,1,0,1,0,6,6,1,1
221871,176852,1,0,1,0,6,6,1,2
500,803,1,0,0,0,6,5,3,3
3550,3520,1,0,1,0,6,5,1,1
0,628,1,0,0,0,6,6,1,1
653920,4275000,7,0,0,0,5,4,1,1
1000288,40000000,1,1,0,0,5,1,1,2
3060000,2000000,12,0,1,0,4,6,1,1
5101830,10000000,30,1,1,0,2,6,1,2
8183,8141,5,0,0,0,4,6,1,2
0,500000,4,1,0,0,3,1,2,2
0,649759,5,1,1,0,2,6,3,1
19343,212350,3,0,1,0,4,6,3,3
10084,19988,1,0,1,0,4,6,2,2
14984,135000,4,0,1,0,4,6,3,2
11620,15048,4,0,1,0,4,6,2,3
110000,240000,5,0,1,0,4,6,2,3
0,100000,2,0,0,0,4,6,1,2
500,21854,1,0,1,0,5,6,2,1
8600,8100,1,0,0,0,5,6,1,1
20569,14789,1,0,0,0,5,6,1,2
0,9601,1,0,0,0,5,6,1,1
0,15000,1,0,1,0,5,6,1,1
10157,3963,1,0,0,0,5,6,1,2
15000,22000,6,0,0,0,5,6,1,2
4522,6870,2,0,1,0,5,6,1,1
806822,750000,5,0,1,0,5,6,1,3
62264,48000,3,0,0,0,5,4,2,2
61788,322500,7,0,1,0,5,6,1,3
42431,26822,5,0,1,0,3,6,1,3
0,18000,3,0,0,0,4,6,1,2
18066,35000,4,0,1,0,4,6,3,2
1220,1070,1,0,0,0,4,5,2,1
20950,14300,2,0,0,0,6,5,1,2
0,9408,2,0,1,0,6,5,2,1
1045,1198,1,0,0,0,6,5,1,1
0,350,1,0,0,0,6,5,1,2
2421,7000,1,0,1,0,6,5,1,3
1674,1497,1,0,0,0,5,5,1,1
1328,250,1,0,0,0,6,5,1,2
0,867,1,0,0,0,5,5,2,1
14518,20500,1,0,0,0,6,6,1,1
4533,5554,3,1,1,0,5,1,2,2
1435,1435,2,1,1,0,6,1,1,2
0,1000,2,1,0,1,4,1,3,1
26885,4458,2,1,1,0,4,1,3,2
26000,35752,3,1,1,0,4,1,2,2
17750,68000,2,1,1,0,5,1,3,2
0,3050,2,1,1,0,5,1,2,3
0,2825,3,1,1,0,5,1,2,3
0,15000,1,1,1,0,5,1,1,3
13703,13703,3,1,1,0,5,1,2,3
26331,9331,4,1,1,0,5,1,3,2
7812,4812,3,1,1,0,5,1,1,3
0,5397,2,1,1,0,5,1,1,3
2714,1764,2,1,1,0,5,1,1,2
2500,4480,3,1,1,0,4,1,2,2
0,22148,2,1,1,1,4,1,1,3
324207,445000,10,1,1,0,4,2,1,3
10000,10567,3,1,1,0,4,6,2,2
36007,26007,2,1,1,1,4,2,1,3
1850,15402,3,1,1,0,5,1,3,2
2500,465684,3,1,1,0,5,1,3,3
2250000,1450000,5,1,1,0,5,1,3,3
1408,8487,3,1,1,0,5,1,2,3
13712,11613,3,1,1,0,4,1,2,3
935,11937,4,1,1,0,4,1,2,2
9741,6232,1,1,1,1,5,2,1,3
50000,80121,3,1,1,0,4,2,2,2
425995,25995,4,1,1,1,4,3,2,3
0,50000,5,1,1,1,4,6,2,3
43942,28013,3,0,1,0,4,6,1,1
0,8640,5,1,1,1,4,3,1,3
35000,18904,4,1,1,0,4,2,3,3
2800,75000,3,1,1,0,4,2,3,3
0,209229,11,0,1,0,4,5,2,3
9288,3783,4,1,1,1,4,2,3,3
72608,11834,3,1,1,0,4,2,3,3
30737,30737,3,1,0,1,4,2,3,2
10985,19254,4,1,1,0,4,2,2,3
20000,32443,4,1,1,0,3,2,2,2
1409857,907983,7,1,1,0,3,2,2,3
0,14096,2,1,1,0,4,1,2,2
0,53731,2,1,1,0,4,1,3,3
28367,5867,2,1,1,0,5,1,3,3
7540,9677,2,1,1,0,4,1,1,2
0,8774,3,1,1,0,4,1,3,2
0,1967,3,1,1,0,4,1,3,3
167862,17862,2,1,1,0,4,1,3,2
7200,7825,2,1,1,0,4,1,2,3
23050,13000,2,1,1,0,4,1,2,2
30438,6820,3,1,1,0,4,1,2,2
0,12627,2,1,1,0,4,1,1,3
15300,10000,4,0,1,0,4,6,3,1
2235,4952,2,0,1,0,4,6,3,1
29333,4401,2,1,1,0,4,1,3,3
25000,75000,2,1,0,0,4,3,2,1
0,3525,2,1,1,0,5,2,3,2
5096,6759,3,1,1,0,5,2,1,3
29203,30962,2,1,1,0,5,2,3,2
3700,3050,2,1,1,0,5,1,2,2
0,10653,2,1,1,0,4,2,1,3
1162,1162,2,1,1,1,5,1,2,2
1600662,555381,4,1,1,0,4,6,3,2
12673,13203,4,1,1,0,5,1,3,2
150000,55392,5,1,1,0,4,2,3,2
126500,350000,5,1,1,1,4,3,1,3
8000,15000,2,0,1,0,5,5,2,3
16000,16407,3,1,1,0,3,2,1,3
1551,8289,2,1,1,0,5,2,2,3
0,8629,1,1,1,0,4,1,1,2
7764,3764,1,1,1,0,4,1,1,2
6914,19400,1,0,1,0,5,6,1,2
611,11183,1,0,1,0,5,4,1,1
36144,4670,1,1,0,0,5,6,1,1
0,5085,2,1,1,0,3,1,2,3
176919,41276,4,1,1,0,4,1,1,3
10591,5600,3,1,0,0,4,1,1,2
5000,36585,2,1,0,1,5,3,2,2
0,9584,1,1,0,1,4,2,2,2
21276,20000,1,0,0,0,5,6,1,1
33430,33180,2,0,0,0,5,6,1,1
2455,4565,1,0,0,0,6,5,1,2
4103,6074,2,0,0,0,6,5,1,2
149807,50000,3,0,0,0,5,6,1,1
0,10000,1,0,0,0,5,5,1,1
0,1877,1,1,1,0,5,1,1,2
78538,78247,1,0,1,0,5,6,1,2
27758,10317,6,0,1,0,5,6,1,3
5600,7260,3,0,0,0,5,4,1,1
0,1500,2,0,1,0,5,6,1,3
47785,7727,3,1,1,0,4,1,2,2
369603,369603,5,0,1,0,4,5,1,1
6929,49500,1,0,0,0,4,6,2,1
12600,1160000,3,0,1,0,4,6,2,2
0,94600,1,0,1,0,4,6,1,2
0,8000,1,0,0,0,5,5,1,1
4571,4250,2,0,1,0,5,6,1,1
13027,17500,1,0,0,0,5,6,1,1
4694,4932,1,0,0,0,5,6,1,1
0,27438,3,0,0,0,5,4,1,2
18488,15671,2,0,1,0,5,6,1,1
16040,10000,1,1,0,0,5,1,1,1
19947,21747,2,0,0,0,5,6,1,1
0,23913,4,0,1,0,4,6,1,1
27683,23507,3,1,1,0,4,1,1,2
70905,70905,1,0,1,0,5,6,1,1
0,60000,1,1,1,0,3,2,1,1
0,179329,2,0,1,0,5,6,1,3
8166,49999,2,1,0,0,5,1,1,1
5661,2260,2,1,0,0,5,1,1,1
766,50000,2,1,0,0,5,1,1,1
0,50000,2,1,0,0,5,1,1,1
0,31932,3,0,1,0,4,6,1,1
0,35000,2,0,1,0,4,6,1,1
0,50000,6,1,0,0,3,1,1,1
0,108141,4,1,0,0,3,1,2,1
7375,17500,4,1,0,0,3,1,1,1
0,350000,2,1,0,0,3,1,1,1
31403,350000,3,0,1,0,4,6,1,1
0,50000,1,1,0,0,4,1,1,1
115388,25000,4,0,0,0,1,6,1,1
4307,25000,1,0,1,0,5,6,1,1
1941,40000,2,1,0,0,5,1,2,1
0,500000,1,0,1,0,4,6,2,3
0,42245,1,1,0,0,5,1,1,2
11760,17640,1,0,1,0,4,5,1,1
7500,21500,1,0,0,0,5,6,3,2
91260,85291,1,0,1,0,1,5,1,1
10996,10122,1,0,0,0,4,6,1,1
26700,50000,1,1,1,0,4,1,3,2
2713,35000,1,1,0,0,4,1,1,1
20251,50000,1,1,1,0,4,2,2,2
0,17650,1,0,1,0,3,6,1,2
45225,44000,1,0,0,0,6,6,1,2
0,4000,1,0,0,0,4,6,2,1
988927,1500000,1,0,1,0,6,5,1,3
73336,64495,1,0,0,0,6,6,1,2
32414,22264,2,0,0,0,5,6,2,1
14329,13329,1,0,0,0,5,6,1,1
6697,5300,1,0,1,0,5,6,1,1
11457,9757,1,0,0,0,5,6,1,1
9901,5000,1,0,1,0,5,6,1,1
17000,31000,1,0,1,0,6,6,1,1
12234,10832,1,0,0,0,6,6,1,1
77785,50000,4,1,0,0,5,1,3,1
2200,15600,1,0,1,0,4,4,2,2
0,10000,1,0,0,0,3,6,2,3
11423,13000,1,0,0,0,3,6,1,1
29878,60000,1,0,1,0,3,4,1,1
4240,7500,2,0,0,0,4,6,1,1
0,1000000,1,1,0,0,1,3,1,1
